{
  "global": [
    {
      "type": "SET_MODEL_ID",
      "input": {
        "id": ""
      },
      "scope": "global",
      "index": 0,
      "timestamp": "2024-03-21T11:20:12.233Z",
      "hash": "Fd20qtObIUDJwJHse6VqFK8ObWY=",
      "skip": 0
    },
    {
      "type": "SET_MODEL_NAME",
      "input": {
        "name": "ScopeOfWork"
      },
      "scope": "global",
      "index": 1,
      "timestamp": "2024-03-21T11:20:21.957Z",
      "hash": "S9wSObS1j7QIDEp71itLbxcvfSs=",
      "skip": 0
    },
    {
      "type": "SET_NAME",
      "input": "ScopeOfWork",
      "scope": "global",
      "index": 2,
      "timestamp": "2024-03-21T11:20:21.974Z",
      "hash": "S9wSObS1j7QIDEp71itLbxcvfSs=",
      "skip": 0
    },
    {
      "type": "SET_MODEL_ID",
      "input": {
        "id": "powerhouse/scope-of-work"
      },
      "scope": "global",
      "index": 3,
      "timestamp": "2024-03-21T11:20:31.235Z",
      "hash": "VoZCV0CJP2/JS/g5eCPDM/aWWI8=",
      "skip": 0
    },
    {
      "type": "SET_MODEL_DESCRIPTION",
      "input": {
        "description": "Document Model Type for scope of work data types"
      },
      "scope": "global",
      "index": 4,
      "timestamp": "2024-03-21T11:20:37.745Z",
      "hash": "Vp50nYO63YZGXDPuXqaVqE0dej4=",
      "skip": 0
    },
    {
      "type": "SET_MODEL_EXTENSION",
      "input": {
        "extension": "phsow"
      },
      "scope": "global",
      "index": 5,
      "timestamp": "2024-03-21T11:20:42.592Z",
      "hash": "cBUS/zY3NDPSU2o4lALjMhWzzIU=",
      "skip": 0
    },
    {
      "type": "SET_AUTHOR_NAME",
      "input": {
        "authorName": "Powerhouse"
      },
      "scope": "global",
      "index": 6,
      "timestamp": "2024-03-21T11:20:50.319Z",
      "hash": "XV8nt28EqmVJitGJpzyayml2Lxc=",
      "skip": 0
    },
    {
      "type": "SET_AUTHOR_WEBSITE",
      "input": {
        "authorWebsite": "https://powerhouse.inc"
      },
      "scope": "global",
      "index": 7,
      "timestamp": "2024-03-21T11:20:53.078Z",
      "hash": "5AFXCC3DsOkTdmULgN2uu0uwQsU=",
      "skip": 0
    },
    {
      "type": "SET_STATE_SCHEMA",
      "input": {
        "schema": "type ScopeOfWorkState {\n    deliverables: [Deliverable]\n    owners: [Owner]\n}\n\ntype Deliverable { \n  id: ID!\n  title: String!\n  description: String\n\n  status: DeliverableStatus! # Updated to include \"BLOCKED\"\n  owner: Owner\n\t\n  workProgress: DeliverableProgress\n\tworkUnitBudget: Float! # Default is 1.\n  deliverableBudget: Float! # Calculated value: based on the Total Project Budget, distributed according to SP and/or number of deliverables and their workUnitBudget.  \n  \n  keyResults: [KeyResult!]!\n}\n\ntype Owner {\n  ref: OwnerType! \n  id: ID!\n  imgUrl: String\n  name: String!\n  code: String!\n}\n\nunion DeliverableProgress = StoryPoints | Percentage\n\ntype StoryPoints {\n  total: Int! # a positive number greater than 0\n  completed: Int! # a positive number less then or equal to total, can be 0\n}\n\ntype Percentage {\n  value: Float! # between 0 and 1, where 1 means 100%\n}\n\ntype KeyResult {\n  id: ID!\n  title: String\n  link: String!\n}\n\nenum DeliverableStatus {\n    TODO\n    IN_PROGRESS\n    DELIVERED\n    BLOCKED\n    WONT_DO\n}\n\nenum OwnerType {\n  CoreUnit\n  Delegates\n  SpecialPurposeFund\n  Project\n  EcosystemActor\n  AlignedDelegates\n  Keepers\n}",
        "scope": "global"
      },
      "scope": "global",
      "index": 8,
      "timestamp": "2024-03-21T11:21:50.009Z",
      "hash": "3/KbhAhq6phBeCGe9/8dvF1D+90=",
      "skip": 0
    },
    {
      "type": "SET_INITIAL_STATE",
      "input": {
        "initialValue": "{\"deliverables\":[],\"owners\":[]}",
        "scope": "global"
      },
      "scope": "global",
      "index": 9,
      "timestamp": "2024-03-21T11:22:14.184Z",
      "hash": "b2EqauG3SsGVQm4MDu3oUpL5JKo=",
      "skip": 0
    },
    {
      "type": "ADD_MODULE",
      "input": {
        "id": "ArJxIfACVoDiH2T7UjwBLA5kaas=",
        "name": "Deliverables"
      },
      "scope": "global",
      "index": 10,
      "timestamp": "2024-03-21T11:22:32.048Z",
      "hash": "+qwneBxt6jdKca+MpMPKmpQoPZk=",
      "skip": 0
    },
    {
      "type": "ADD_OPERATION",
      "input": {
        "id": "IvA8hHMhzErU735rGKbMGvRolEs=",
        "moduleId": "ArJxIfACVoDiH2T7UjwBLA5kaas=",
        "name": "CreateDeliverable"
      },
      "scope": "global",
      "index": 11,
      "timestamp": "2024-03-21T11:22:43.603Z",
      "hash": "I60ZPhpQlkr0HeltqSxXKVwfS+4=",
      "skip": 0
    },
    {
      "type": "SET_OPERATION_SCHEMA",
      "input": {
        "id": "IvA8hHMhzErU735rGKbMGvRolEs=",
        "schema": "input CreateDeliverableInput {\n    title: String\n}\n\n# add new types here\n"
      },
      "scope": "global",
      "index": 12,
      "timestamp": "2024-03-21T11:23:04.883Z",
      "hash": "mGuM0rLcmCOO2TvsdXJ+Mb4Z90M=",
      "skip": 0
    },
    {
      "type": "SET_OPERATION_SCHEMA",
      "input": {
        "id": "IvA8hHMhzErU735rGKbMGvRolEs=",
        "schema": "input CreateDeliverableInput {\n    title: String!\n}\n\n# add new types here\n"
      },
      "scope": "global",
      "index": 13,
      "timestamp": "2024-03-21T11:23:06.656Z",
      "hash": "xuaH1bUx82JhDkyrgVX7ISSP9LM=",
      "skip": 0
    },
    {
      "type": "SET_OPERATION_SCHEMA",
      "input": {
        "id": "IvA8hHMhzErU735rGKbMGvRolEs=",
        "schema": "input CreateDeliverableInput {\n    title: String!\n    \n}\n\n# add new types here\n"
      },
      "scope": "global",
      "index": 14,
      "timestamp": "2024-03-21T11:23:08.265Z",
      "hash": "YHGVCxTG38CNwXdwnzoPqKTOFf0=",
      "skip": 0
    },
    {
      "type": "SET_OPERATION_SCHEMA",
      "input": {
        "id": "IvA8hHMhzErU735rGKbMGvRolEs=",
        "schema": "input CreateDeliverableInput {\n    title: String!\n    description: String\n}\n\n# add new types here\n"
      },
      "scope": "global",
      "index": 15,
      "timestamp": "2024-03-21T11:23:10.908Z",
      "hash": "0t3tQ+8esMfR7IMG3nHIWNeDLtI=",
      "skip": 0
    },
    {
      "type": "SET_OPERATION_SCHEMA",
      "input": {
        "id": "IvA8hHMhzErU735rGKbMGvRolEs=",
        "schema": "input CreateDeliverableInput {\n    title: String!\n    description: String\n}\n\n# add new types here\n"
      },
      "scope": "global",
      "index": 16,
      "timestamp": "2024-03-21T11:23:11.595Z",
      "hash": "0t3tQ+8esMfR7IMG3nHIWNeDLtI=",
      "skip": 0
    },
    {
      "type": "SET_OPERATION_SCHEMA",
      "input": {
        "id": "IvA8hHMhzErU735rGKbMGvRolEs=",
        "schema": "input CreateDeliverableInput {\n    title: String!\n    description: String\n    \n}\n\n# add new types here\n"
      },
      "scope": "global",
      "index": 17,
      "timestamp": "2024-03-21T11:23:12.141Z",
      "hash": "MY+oC49iY2xGrTVu18MsEaIh4GU=",
      "skip": 0
    },
    {
      "type": "SET_OPERATION_SCHEMA",
      "input": {
        "id": "IvA8hHMhzErU735rGKbMGvRolEs=",
        "schema": "input CreateDeliverableInput {\n    title: String!\n    description: String\n\n}\n\n# add new types here\n"
      },
      "scope": "global",
      "index": 18,
      "timestamp": "2024-03-21T11:23:12.940Z",
      "hash": "dD+/e6+KRpXclqtkrio5WvEnM78=",
      "skip": 0
    },
    {
      "type": "SET_OPERATION_SCHEMA",
      "input": {
        "id": "IvA8hHMhzErU735rGKbMGvRolEs=",
        "schema": "input CreateDeliverableInput {\n    title: String!\n    description: String\n}\n\n# add new types here\n"
      },
      "scope": "global",
      "index": 19,
      "timestamp": "2024-03-21T11:23:13.084Z",
      "hash": "0t3tQ+8esMfR7IMG3nHIWNeDLtI=",
      "skip": 0
    },
    {
      "type": "SET_MODULE_DESCRIPTION",
      "input": {
        "id": "ArJxIfACVoDiH2T7UjwBLA5kaas=",
        "description": "Basic operations to create, edit and manage the set of deliverables."
      },
      "scope": "global",
      "index": 20,
      "timestamp": "2024-03-21T11:23:49.410Z",
      "hash": "fgAA03az46O1inmdNo6Z2mo6780=",
      "skip": 0
    },
    {
      "type": "SET_OPERATION_SCHEMA",
      "input": {
        "id": "IvA8hHMhzErU735rGKbMGvRolEs=",
        "schema": "input CreateDeliverableInput {\n    title: String!\n    description: String\n    \n}\n\n# add new types here\n"
      },
      "scope": "global",
      "index": 21,
      "timestamp": "2024-03-21T11:24:06.147Z",
      "hash": "MDK1FQY/HoHZdMmIdUwR+CjP7KA=",
      "skip": 0
    },
    {
      "type": "SET_OPERATION_SCHEMA",
      "input": {
        "id": "IvA8hHMhzErU735rGKbMGvRolEs=",
        "schema": "input CreateDeliverableInput {\n    title: String!\n    description: String\n\n}\n\n# add new types here\n"
      },
      "scope": "global",
      "index": 22,
      "timestamp": "2024-03-21T11:24:09.897Z",
      "hash": "EgkmHzuaSsyC/m07At3Gyuvk+/E=",
      "skip": 0
    },
    {
      "type": "SET_OPERATION_SCHEMA",
      "input": {
        "id": "IvA8hHMhzErU735rGKbMGvRolEs=",
        "schema": "input CreateDeliverableInput {\n    title: String!\n    description: String\n}\n\n# add new types here\n"
      },
      "scope": "global",
      "index": 23,
      "timestamp": "2024-03-21T11:24:10.764Z",
      "hash": "fgAA03az46O1inmdNo6Z2mo6780=",
      "skip": 0
    },
    {
      "type": "SET_OPERATION_SCHEMA",
      "input": {
        "id": "IvA8hHMhzErU735rGKbMGvRolEs=",
        "schema": "input CreateDeliverableInput {\n    title: String!\n    description: String\n    \n}\n\n# add new types here\n"
      },
      "scope": "global",
      "index": 24,
      "timestamp": "2024-03-21T11:26:13.538Z",
      "hash": "MDK1FQY/HoHZdMmIdUwR+CjP7KA=",
      "skip": 0
    },
    {
      "type": "SET_OPERATION_SCHEMA",
      "input": {
        "id": "IvA8hHMhzErU735rGKbMGvRolEs=",
        "schema": "input CreateDeliverableInput {\n    title: String!\n    description: String\n    status: DeliverableStatus\n}\n\nenum DeliverableStatus\n\n# add new types here\n"
      },
      "scope": "global",
      "index": 25,
      "timestamp": "2024-03-21T11:26:29.311Z",
      "hash": "RQpTCDY2KFNd2ctn2XQvJBwzsXM=",
      "skip": 0
    },
    {
      "type": "SET_OPERATION_SCHEMA",
      "input": {
        "id": "IvA8hHMhzErU735rGKbMGvRolEs=",
        "schema": "input CreateDeliverableInput {\n    title: String!\n    description: String\n    status: DeliverableStatus\n}\n\nenum DeliverableStatus \n\n# add new types here\n"
      },
      "scope": "global",
      "index": 26,
      "timestamp": "2024-03-21T11:26:29.725Z",
      "hash": "2FFPUkfaVk0nlb2fHClS38Wem4E=",
      "skip": 0
    },
    {
      "type": "SET_OPERATION_SCHEMA",
      "input": {
        "id": "IvA8hHMhzErU735rGKbMGvRolEs=",
        "schema": "input CreateDeliverableInput {\n    title: String!\n    description: String\n    status: DeliverableStatus\n}\n\nenum DeliverableStatus {\n    TODO\n    IN_PROGRESS\n    DELIVERED\n    BLOCKED\n    WONT_DO\n}\n\n# add new types here\n"
      },
      "scope": "global",
      "index": 27,
      "timestamp": "2024-03-21T11:26:49.519Z",
      "hash": "xX7UXLKJYkZjqmnr5Lj5wBONfhc=",
      "skip": 0
    },
    {
      "type": "SET_OPERATION_SCHEMA",
      "input": {
        "id": "IvA8hHMhzErU735rGKbMGvRolEs=",
        "schema": "input CreateDeliverableInput {\n    title: String!\n    description: String\n    status: DeliverableStatus\n    \n}\n\nenum DeliverableStatus {\n    TODO\n    IN_PROGRESS\n    DELIVERED\n    BLOCKED\n    WONT_DO\n}\n\n# add new types here\n"
      },
      "scope": "global",
      "index": 28,
      "timestamp": "2024-03-21T11:27:28.594Z",
      "hash": "/CVk3yoBtUeKtYFELZKbioHI6EM=",
      "skip": 0
    },
    {
      "type": "SET_OPERATION_SCHEMA",
      "input": {
        "id": "IvA8hHMhzErU735rGKbMGvRolEs=",
        "schema": "input CreateDeliverableInput {\n    title: String!\n    description: String\n    status: DeliverableStatus\n    owner: Owner\n}\n\ntype Owner\n\nenum DeliverableStatus {\n    TODO\n    IN_PROGRESS\n    DELIVERED\n    BLOCKED\n    WONT_DO\n}\n\n# add new types here\n"
      },
      "scope": "global",
      "index": 29,
      "timestamp": "2024-03-21T11:27:40.348Z",
      "hash": "bbRb1OTEqK4CFZ2MQuvCMBRbMpE=",
      "skip": 0
    },
    {
      "type": "SET_OPERATION_SCHEMA",
      "input": {
        "id": "IvA8hHMhzErU735rGKbMGvRolEs=",
        "schema": "input CreateDeliverableInput {\n    title: String!\n    description: String\n    status: DeliverableStatus\n    owner: Owner\n}\n\ntype Owner \n\nenum DeliverableStatus {\n    TODO\n    IN_PROGRESS\n    DELIVERED\n    BLOCKED\n    WONT_DO\n}\n\n# add new types here\n"
      },
      "scope": "global",
      "index": 30,
      "timestamp": "2024-03-21T11:27:40.733Z",
      "hash": "/UwOY7AFnNaU/ZBJIa8BOY4/TV8=",
      "skip": 0
    },
    {
      "type": "SET_OPERATION_SCHEMA",
      "input": {
        "id": "IvA8hHMhzErU735rGKbMGvRolEs=",
        "schema": "input CreateDeliverableInput {\n    title: String!\n    description: String\n    status: DeliverableStatus\n    owner: Owner\n}\n\ntype Owner {\n  id: ID!\n  imgUrl: String\n  name: String!\n  code: String!\n}\n\nenum DeliverableStatus {\n    TODO\n    IN_PROGRESS\n    DELIVERED\n    BLOCKED\n    WONT_DO\n}\n\n# add new types here\n"
      },
      "scope": "global",
      "index": 31,
      "timestamp": "2024-03-21T11:27:53.495Z",
      "hash": "gnr598Yo6beyYNgkNmRro1pnY9c=",
      "skip": 0
    },
    {
      "type": "SET_OPERATION_SCHEMA",
      "input": {
        "id": "IvA8hHMhzErU735rGKbMGvRolEs=",
        "schema": "input CreateDeliverableInput {\n    title: String!\n    description: String\n    status: DeliverableStatus\n    owner: Owner\n}\n\ntype Owner {\n  id: ID\n  imgUrl: String\n  name: String!\n  code: String!\n}\n\nenum DeliverableStatus {\n    TODO\n    IN_PROGRESS\n    DELIVERED\n    BLOCKED\n    WONT_DO\n}\n\n# add new types here\n"
      },
      "scope": "global",
      "index": 32,
      "timestamp": "2024-03-21T11:28:05.728Z",
      "hash": "eI1n5kMT0sWlgwTYCXCc1xhFFHQ=",
      "skip": 0
    },
    {
      "type": "SET_OPERATION_SCHEMA",
      "input": {
        "id": "IvA8hHMhzErU735rGKbMGvRolEs=",
        "schema": "input CreateDeliverableInput {\n    title: String!\n    description: String\n    status: DeliverableStatus\n    owner: Owner\n}\n\ntype Owner {\n  id: ID\n  imgUrl: String\n  name: String\n  code: String!\n}\n\nenum DeliverableStatus {\n    TODO\n    IN_PROGRESS\n    DELIVERED\n    BLOCKED\n    WONT_DO\n}\n\n# add new types here\n"
      },
      "scope": "global",
      "index": 33,
      "timestamp": "2024-03-21T11:28:10.578Z",
      "hash": "rTyNDBWjbSqLKyM/h87x+HsCfGs=",
      "skip": 0
    },
    {
      "type": "SET_OPERATION_SCHEMA",
      "input": {
        "id": "IvA8hHMhzErU735rGKbMGvRolEs=",
        "schema": "input CreateDeliverableInput {\n    title: String!\n    description: String\n    status: DeliverableStatus\n    owner: Owner\n}\n\ntype Owner {\n  id: ID\n  imgUrl: String\n  name: String\n  code: String\n}\n\nenum DeliverableStatus {\n    TODO\n    IN_PROGRESS\n    DELIVERED\n    BLOCKED\n    WONT_DO\n}\n\n# add new types here\n"
      },
      "scope": "global",
      "index": 34,
      "timestamp": "2024-03-21T11:28:11.902Z",
      "hash": "JXY53DiuUB6/xj1PqKJDu6Fnkwo=",
      "skip": 0
    }
  ],
  "local": []
}