{
  "global": [
    {
      "type": "SET_MODEL_ID",
      "input": {
        "id": ""
      },
      "scope": "global",
      "index": 0,
      "timestamp": "2024-03-25T18:42:27.884Z",
      "hash": "Fd20qtObIUDJwJHse6VqFK8ObWY=",
      "skip": 0
    },
    {
      "type": "SET_MODEL_NAME",
      "input": {
        "name": "ScopeOfWork"
      },
      "scope": "global",
      "index": 1,
      "timestamp": "2024-03-25T18:47:07.782Z",
      "hash": "S9wSObS1j7QIDEp71itLbxcvfSs=",
      "skip": 0
    },
    {
      "type": "SET_NAME",
      "input": "ScopeOfWork",
      "scope": "global",
      "index": 2,
      "timestamp": "2024-03-25T18:47:07.783Z",
      "hash": "S9wSObS1j7QIDEp71itLbxcvfSs=",
      "skip": 0
    },
    {
      "type": "SET_MODEL_ID",
      "input": {
        "id": "powerhouse/scope-of-work"
      },
      "scope": "global",
      "index": 3,
      "timestamp": "2024-03-25T18:47:16.224Z",
      "hash": "VoZCV0CJP2/JS/g5eCPDM/aWWI8=",
      "skip": 0
    },
    {
      "type": "SET_MODEL_DESCRIPTION",
      "input": {
        "description": "Document Model Type for scope of work data types"
      },
      "scope": "global",
      "index": 4,
      "timestamp": "2024-03-25T18:47:25.733Z",
      "hash": "Vp50nYO63YZGXDPuXqaVqE0dej4=",
      "skip": 0
    },
    {
      "type": "SET_MODEL_EXTENSION",
      "input": {
        "extension": "pwsow"
      },
      "scope": "global",
      "index": 5,
      "timestamp": "2024-03-25T18:47:30.274Z",
      "hash": "wAelkNZck9KLXdQCJbe/MaIsR1k=",
      "skip": 0
    },
    {
      "type": "SET_AUTHOR_NAME",
      "input": {
        "authorName": "Powerhouse"
      },
      "scope": "global",
      "index": 6,
      "timestamp": "2024-03-25T18:47:32.072Z",
      "hash": "Jv3X2PzyOnWt9G4S4k6cMa9g6K4=",
      "skip": 0
    },
    {
      "type": "SET_AUTHOR_WEBSITE",
      "input": {
        "authorWebsite": "https://powerhouse.inc"
      },
      "scope": "global",
      "index": 7,
      "timestamp": "2024-03-25T18:47:40.282Z",
      "hash": "cVR7KyFVqxq+aYFn8DlnBjQvpjc=",
      "skip": 0
    },
    {
      "type": "SET_INITIAL_STATE",
      "input": {
        "initialValue": "{\"deliverables\":[],\"owners\":[]}",
        "scope": "global"
      },
      "scope": "global",
      "index": 8,
      "timestamp": "2024-03-25T18:47:57.494Z",
      "hash": "xoDYzE+NfFeK2Dn04XTVsdUwsQc=",
      "skip": 0
    },
    {
      "type": "SET_STATE_SCHEMA",
      "input": {
        "schema": "type ScopeOfWorkState {\n\tdeliverables: [Deliverable]\n    owners: [Owner]\n}\n\ntype Deliverable { \n  id: ID!\n  title: String!\n  description: String\n\n  status: DeliverableStatus! # Updated to include \"BLOCKED\"\n  owner: Owner\n\t\n  workProgress: DeliverableProgress\n\tworkUnitBudget: Float! # Default is 1.\n  deliverableBudget: Float! # Calculated value: based on the Total Project Budget, distributed according to SP and/or number of deliverables and their workUnitBudget.  \n  \n  keyResults: [KeyResult!]!\n}\n\ntype Owner {\n  ref: OwnerType! \n  id: ID!\n  imgUrl: String\n  name: String!\n  code: String!\n}\n\nunion DeliverableProgress = StoryPoints | Percentage\n\ntype StoryPoints {\n  total: Int! # a positive number greater than 0\n  completed: Int! # a positive number less then or equal to total, can be 0\n}\n\ntype Percentage {\n  value: Float! # between 0 and 1, where 1 means 100%\n}\n\ntype KeyResult {\n  id: ID!\n  title: String\n  link: String!\n}\n\nenum DeliverableStatus {\n    TODO\n    IN_PROGRESS\n    DELIVERED\n    BLOCKED\n    WONT_DO\n}\n\nenum OwnerType {\n  CoreUnit\n  Delegates\n  SpecialPurposeFund\n  Project\n  EcosystemActor\n  AlignedDelegates\n  Keepers\n}",
        "scope": "global"
      },
      "scope": "global",
      "index": 9,
      "timestamp": "2024-03-25T18:49:26.707Z",
      "hash": "LGz1hDJl0BUkFwpI5i4ty17icFw=",
      "skip": 0
    },
    {
      "type": "SET_STATE_SCHEMA",
      "input": {
        "schema": "type ScopeOfWorkState {\n\tdeliverables: [Deliverable]\n    owners: [Owner]\n}\n\ntype Deliverable { \n  id: ID!\n  title: String!\n  description: String\n\n  status: DeliverableStatus! # Updated to include \"BLOCKED\"\n  owner: Owner\n\t\n  workProgress: DeliverableProgress\n\tworkUnitBudget: Float! # Default is 1.\n  deliverableBudget: Float! # Calculated value: based on the Total Project Budget, distributed according to SP and/or number of deliverables and their workUnitBudget.  \n  \n  keyResults: [KeyResult!]!\n}\n\ntype Owner {\n  ref: OwnerType! \n  id: ID!\n  imgUrl: String\n  name: String!\n  code: String!\n}\n\nunion DeliverableProgress = StoryPoints | Percentage\n\ntype StoryPoints {\n  total: Int! # a positive number greater than 0\n  completed: Int! # a positive number less then or equal to total, can be 0\n}\n\ntype Percentage {\n  value: Float! # between 0 and 1, where 1 means 100%\n}\n\ntype KeyResult {\n  id: ID!\n  title: String\n  link: String!\n}\n\nenum DeliverableStatus {\n    TODO\n    IN_PROGRESS\n    DELIVERED\n    BLOCKED\n    WONT_DO\n}\n\nenum OwnerType {\n  CoreUnit\n  Delegates\n  SpecialPurposeFund\n  Project\n  EcosystemActor\n  AlignedDelegates\n  Keepers\n}",
        "scope": "global"
      },
      "scope": "global",
      "index": 10,
      "timestamp": "2024-03-25T18:49:48.387Z",
      "hash": "LGz1hDJl0BUkFwpI5i4ty17icFw=",
      "skip": 0
    },
    {
      "type": "ADD_MODULE",
      "input": {
        "id": "0/gyYNc+LG5knGmnfsEqDYbiSSQ=",
        "name": "Deliverables"
      },
      "scope": "global",
      "index": 11,
      "timestamp": "2024-03-25T18:49:54.687Z",
      "hash": "4KHrgHZM59WVl6cG8X3ZF12LbKY=",
      "skip": 0
    },
    {
      "type": "ADD_OPERATION",
      "input": {
        "id": "kjVL+miiBb8dq408rACR1Lo40g0=",
        "moduleId": "0/gyYNc+LG5knGmnfsEqDYbiSSQ=",
        "name": "CreateDeliverable"
      },
      "scope": "global",
      "index": 12,
      "timestamp": "2024-03-25T18:50:01.095Z",
      "hash": "N1Qhswfq8iFM3Zj8FnIdGIRseuQ=",
      "skip": 0
    },
    {
      "type": "SET_OPERATION_SCHEMA",
      "input": {
        "id": "kjVL+miiBb8dq408rACR1Lo40g0=",
        "schema": "input CreateDeliverableInput {\n    title: String!\n    description: String\n    status: DeliverableStatus\n    owner: Owner\n}\n\ntype Owner {\n  id: ID\n  imgUrl: String\n  name: String\n  code: String\n}\n\nenum DeliverableStatus {\n    TODO\n    IN_PROGRESS\n    DELIVERED\n    BLOCKED\n    WONT_DO\n}\n\n# add new types here\n\n"
      },
      "scope": "global",
      "index": 13,
      "timestamp": "2024-03-25T18:50:16.717Z",
      "hash": "xNUM1tUer5oN1WL2tpDuvLagj+Q=",
      "skip": 0
    },
    {
      "type": "ADD_OPERATION",
      "input": {
        "id": "7mzdY6jAfccISrkdXdiyigii+zg=",
        "moduleId": "0/gyYNc+LG5knGmnfsEqDYbiSSQ=",
        "name": "UpdateDeliverableProgress"
      },
      "scope": "global",
      "index": 14,
      "timestamp": "2024-03-25T18:50:23.759Z",
      "hash": "CgpVefqKW++vlfGxYhjq2ZNOrAQ=",
      "skip": 0
    },
    {
      "type": "SET_OPERATION_SCHEMA",
      "input": {
        "id": "7mzdY6jAfccISrkdXdiyigii+zg=",
        "schema": "input UpdateDeliverableProgressInput {\n    deliverableId: ID!\n    workProgress: Progress!\n}\n\nunion Progress = StoryPoints | Percentage | DeliverablesCompleted\n\ntype StoryPoints {\n  total: Int! # a positive number greater than 0\n  completed: Int! # a positive number less then or equal to total, can be 0\n}\n\ntype Percentage {\n  value: Float! # between 0 and 1, where 1 means 100%\n}\n\ntype DeliverablesCompleted {\n  total: Int!\n  completed: Int!\n}\n\n\n"
      },
      "scope": "global",
      "index": 15,
      "timestamp": "2024-03-25T18:50:37.460Z",
      "hash": "bVNQGZEyAG78bwLtDvuTEa/nX1k=",
      "skip": 0
    },
    {
      "type": "ADD_OPERATION",
      "input": {
        "id": "vsFq7z2OXkwE9MxfYPybZDC3hKs=",
        "moduleId": "0/gyYNc+LG5knGmnfsEqDYbiSSQ=",
        "name": "DeleteDeliverable"
      },
      "scope": "global",
      "index": 16,
      "timestamp": "2024-03-25T18:50:47.177Z",
      "hash": "hAFD2Vkq9OGPUvR8LH3WFt91upA=",
      "skip": 0
    },
    {
      "type": "SET_OPERATION_SCHEMA",
      "input": {
        "id": "vsFq7z2OXkwE9MxfYPybZDC3hKs=",
        "schema": "input DeleteDeliverableInput {\n    deliverableId: ID!\n}\n\n# add new types here\n"
      },
      "scope": "global",
      "index": 17,
      "timestamp": "2024-03-25T18:50:53.238Z",
      "hash": "ar+iMDKbPyM+G/yYfGIJW+3Plww=",
      "skip": 0
    },
    {
      "type": "ADD_OPERATION",
      "input": {
        "id": "zn+3fx/JD5a27xEA9NYjc1X2t4g=",
        "moduleId": "0/gyYNc+LG5knGmnfsEqDYbiSSQ=",
        "name": "UpdateDeliverableStatus"
      },
      "scope": "global",
      "index": 18,
      "timestamp": "2024-03-25T18:50:58.636Z",
      "hash": "1I1gr1Js6XuZhsS5M1/Yg/zdwe0=",
      "skip": 0
    },
    {
      "type": "SET_OPERATION_SCHEMA",
      "input": {
        "id": "zn+3fx/JD5a27xEA9NYjc1X2t4g=",
        "schema": "input UpdateDeliverableStatusInput {\n    deliverableId: ID!\n    status: DeliverableStatus!\n}\n\nenum DeliverableStatus {\n    TODO\n    IN_PROGRESS\n    DELIVERED\n    BLOCKED\n    WONT_DO\n}\n\n"
      },
      "scope": "global",
      "index": 19,
      "timestamp": "2024-03-25T18:51:10.982Z",
      "hash": "2JCbokRscURlpl9M3im8yJbM3BM=",
      "skip": 0
    },
    {
      "type": "ADD_OPERATION",
      "input": {
        "id": "SULHWmxBKckQjFFW5H6nmGkvglY=",
        "moduleId": "0/gyYNc+LG5knGmnfsEqDYbiSSQ=",
        "name": "UpdateDeliverableDetails"
      },
      "scope": "global",
      "index": 20,
      "timestamp": "2024-03-25T18:51:22.443Z",
      "hash": "I0YKwTF25E5m16MuFmdnZZEF/Hg=",
      "skip": 0
    },
    {
      "type": "SET_OPERATION_SCHEMA",
      "input": {
        "id": "SULHWmxBKckQjFFW5H6nmGkvglY=",
        "schema": "input UpdateDeliverableDetailsInput {\n    deliverableId: ID!\n    title: String\n    description: String\n}\n\n# add new types here\n"
      },
      "scope": "global",
      "index": 21,
      "timestamp": "2024-03-25T18:51:28.801Z",
      "hash": "/7jI1/KOB7+0uot14KK0vSw5HU0=",
      "skip": 0
    },
    {
      "type": "ADD_OPERATION",
      "input": {
        "id": "gE0BdfsstrogNel/LBEvDc9xq5g=",
        "moduleId": "0/gyYNc+LG5knGmnfsEqDYbiSSQ=",
        "name": "AddKeyResultToDeliverable"
      },
      "scope": "global",
      "index": 22,
      "timestamp": "2024-03-25T18:51:34.403Z",
      "hash": "JeKuIqHI2l489gdsB9NVe85RSVE=",
      "skip": 0
    },
    {
      "type": "SET_OPERATION_SCHEMA",
      "input": {
        "id": "gE0BdfsstrogNel/LBEvDc9xq5g=",
        "schema": "input AddKeyResultToDeliverableInput {\n    deliverableId: ID!\n    title: String!\n    link: String!\n}\n\n# add new types here\n"
      },
      "scope": "global",
      "index": 23,
      "timestamp": "2024-03-25T18:51:54.935Z",
      "hash": "TwJJ365lwSj+CN+5Wx9xVzzCLuo=",
      "skip": 0
    },
    {
      "type": "ADD_OPERATION",
      "input": {
        "id": "4BwFWu0x3Xrlq+SuM0b1d/xBmAk=",
        "moduleId": "0/gyYNc+LG5knGmnfsEqDYbiSSQ=",
        "name": "UpdateKeyResult"
      },
      "scope": "global",
      "index": 24,
      "timestamp": "2024-03-25T18:51:58.834Z",
      "hash": "yjAPkA21dFzzsUXBPnQFhRGoDAU=",
      "skip": 0
    },
    {
      "type": "SET_OPERATION_SCHEMA",
      "input": {
        "id": "4BwFWu0x3Xrlq+SuM0b1d/xBmAk=",
        "schema": "input UpdateKeyResultInput {\n    keyResultId: ID!\n    title: String\n    link: String\n}\n\n# add new types here\n"
      },
      "scope": "global",
      "index": 25,
      "timestamp": "2024-03-25T18:52:07.239Z",
      "hash": "Vayc6pjVzSdYgruJ9lrRnpoEuco=",
      "skip": 0
    },
    {
      "type": "ADD_OPERATION",
      "input": {
        "id": "n8YPHeII2HGBGlGzuP9xrM3mwFo=",
        "moduleId": "0/gyYNc+LG5knGmnfsEqDYbiSSQ=",
        "name": "RemoveKeyResultFromDeliverable"
      },
      "scope": "global",
      "index": 26,
      "timestamp": "2024-03-25T18:52:11.640Z",
      "hash": "WKUfohg4L2+sGK4ukoeJOFSYEUU=",
      "skip": 0
    },
    {
      "type": "SET_OPERATION_SCHEMA",
      "input": {
        "id": "n8YPHeII2HGBGlGzuP9xrM3mwFo=",
        "schema": "input RemoveKeyResultFromDeliverableInput {\n     deliverableId: ID!\n    keyResultId: ID!\n}\n\n# add new types here\n"
      },
      "scope": "global",
      "index": 27,
      "timestamp": "2024-03-25T18:52:17.750Z",
      "hash": "AIcLtpjjNWeYf8KWoHVvH+3ACso=",
      "skip": 0
    },
    {
      "type": "SET_OPERATION_SCHEMA",
      "input": {
        "id": "n8YPHeII2HGBGlGzuP9xrM3mwFo=",
        "schema": "input RemoveKeyResultFromDeliverableInput {\n     deliverableId: ID!\n        keyResultId: ID!\n}\n\n# add new types here\n"
      },
      "scope": "global",
      "index": 28,
      "timestamp": "2024-03-25T18:52:20.362Z",
      "hash": "tKLQxg0CcHjY2gIz9lN23iZx0Ak=",
      "skip": 0
    },
    {
      "type": "SET_OPERATION_SCHEMA",
      "input": {
        "id": "n8YPHeII2HGBGlGzuP9xrM3mwFo=",
        "schema": "input RemoveKeyResultFromDeliverableInput {\n     deliverableId: ID!\n    keyResultId: ID!\n}\n\n# add new types here\n"
      },
      "scope": "global",
      "index": 29,
      "timestamp": "2024-03-25T18:52:21.314Z",
      "hash": "AIcLtpjjNWeYf8KWoHVvH+3ACso=",
      "skip": 0
    },
    {
      "type": "SET_OPERATION_SCHEMA",
      "input": {
        "id": "n8YPHeII2HGBGlGzuP9xrM3mwFo=",
        "schema": "input RemoveKeyResultFromDeliverableInput {\n    deliverableId: ID!\n    keyResultId: ID!\n}\n\n# add new types here\n"
      },
      "scope": "global",
      "index": 30,
      "timestamp": "2024-03-25T18:52:23.090Z",
      "hash": "yEkMpQI1twx9bqDYaqfCMeUKxPI=",
      "skip": 0
    },
    {
      "type": "ADD_OPERATION",
      "input": {
        "id": "TEKlE0oxHZ1Otvj5gsyqqSSK7Ms=",
        "moduleId": "0/gyYNc+LG5knGmnfsEqDYbiSSQ=",
        "name": "SetDeliverableBudget"
      },
      "scope": "global",
      "index": 31,
      "timestamp": "2024-03-25T18:52:27.717Z",
      "hash": "Erp3Bxle09L8foGIWrcKAKorhCU=",
      "skip": 0
    },
    {
      "type": "SET_OPERATION_SCHEMA",
      "input": {
        "id": "TEKlE0oxHZ1Otvj5gsyqqSSK7Ms=",
        "schema": "input SetDeliverableBudgetInput {\n    deliverableId: ID!\n    workUnitBudget: Float! # Default is 1.\n    deliverableBudget: Float! \n}\n\n# add new types here\n"
      },
      "scope": "global",
      "index": 32,
      "timestamp": "2024-03-25T18:52:35.379Z",
      "hash": "nUhGTQIszy+iOdmQ/detW0hyjgI=",
      "skip": 0
    },
    {
      "type": "SET_OPERATION_SCHEMA",
      "input": {
        "id": "kjVL+miiBb8dq408rACR1Lo40g0=",
        "schema": "input CreateDeliverableInput {\n    \n    title: String!\n    description: String\n    status: DeliverableStatus\n    owner: Owner\n}\n\ntype Owner {\n  id: ID\n  imgUrl: String\n  name: String\n  code: String\n}\n\nenum DeliverableStatus {\n    TODO\n    IN_PROGRESS\n    DELIVERED\n    BLOCKED\n    WONT_DO\n}\n\n# add new types here\n\n"
      },
      "scope": "global",
      "index": 33,
      "timestamp": "2024-03-25T19:00:30.968Z",
      "hash": "24qHtq32LaSb9p/oX35MJ+4+yvk=",
      "skip": 0
    },
    {
      "type": "SET_OPERATION_SCHEMA",
      "input": {
        "id": "kjVL+miiBb8dq408rACR1Lo40g0=",
        "schema": "input CreateDeliverableInput {\n    id: ID\n    title: String!\n    description: String\n    status: DeliverableStatus\n    owner: Owner\n}\n\ntype Owner {\n  id: ID\n  imgUrl: String\n  name: String\n  code: String\n}\n\nenum DeliverableStatus {\n    TODO\n    IN_PROGRESS\n    DELIVERED\n    BLOCKED\n    WONT_DO\n}\n\n# add new types here\n\n"
      },
      "scope": "global",
      "index": 34,
      "timestamp": "2024-03-25T19:00:33.483Z",
      "hash": "K/3SN8uv54Aj/pxgiOIhZSFYpTU=",
      "skip": 0
    },
    {
      "type": "SET_OPERATION_SCHEMA",
      "input": {
        "id": "kjVL+miiBb8dq408rACR1Lo40g0=",
        "schema": "input CreateDeliverableInput {\n    id: ID!\n    title: String!\n    description: String\n    status: DeliverableStatus\n    owner: Owner\n}\n\ntype Owner {\n  id: ID\n  imgUrl: String\n  name: String\n  code: String\n}\n\nenum DeliverableStatus {\n    TODO\n    IN_PROGRESS\n    DELIVERED\n    BLOCKED\n    WONT_DO\n}\n\n# add new types here\n\n"
      },
      "scope": "global",
      "index": 35,
      "timestamp": "2024-03-25T19:00:33.932Z",
      "hash": "c6nm497UDyiXWPmFZC6avoRW91c=",
      "skip": 0
    },
    {
      "type": "SET_OPERATION_SCHEMA",
      "input": {
        "id": "gE0BdfsstrogNel/LBEvDc9xq5g=",
        "schema": "input AddKeyResultToDeliverableInput {\n    deliverableId: ID!\n    \n    title: String!\n    link: String!\n}\n\n# add new types here\n"
      },
      "scope": "global",
      "index": 36,
      "timestamp": "2024-03-25T19:00:55.760Z",
      "hash": "71kctKgiLFkZ3hRRYXOMUtwZToE=",
      "skip": 0
    },
    {
      "type": "SET_OPERATION_SCHEMA",
      "input": {
        "id": "gE0BdfsstrogNel/LBEvDc9xq5g=",
        "schema": "input AddKeyResultToDeliverableInput {\n    deliverableId: ID!\n    id: ID\n    title: String!\n    link: String!\n}\n\n# add new types here\n"
      },
      "scope": "global",
      "index": 37,
      "timestamp": "2024-03-25T19:00:57.613Z",
      "hash": "zCEqJL6apGg0u4D6/BIqbjAHHww=",
      "skip": 0
    },
    {
      "type": "SET_OPERATION_SCHEMA",
      "input": {
        "id": "gE0BdfsstrogNel/LBEvDc9xq5g=",
        "schema": "input AddKeyResultToDeliverableInput {\n    deliverableId: ID!\n    id: ID!\n    title: String!\n    link: String!\n}\n\n# add new types here\n"
      },
      "scope": "global",
      "index": 38,
      "timestamp": "2024-03-25T19:00:57.875Z",
      "hash": "9cTySaUjF1PSQ/4OXFwuv74Mehw=",
      "skip": 0
    }
  ],
  "local": []
}